40ants-doc, ghcr.io/ocicl/40ants-doc@sha256:ef1b48abde0808ff396379d0f9b08476bb6004dfac083344cec5dfed3ee38c19, doc-20250913-7fd42c2/40ants-doc.asd
40ants-doc-full, ghcr.io/ocicl/40ants-doc@sha256:ef1b48abde0808ff396379d0f9b08476bb6004dfac083344cec5dfed3ee38c19, doc-20250913-7fd42c2/40ants-doc-full.asd
40ants-doc-test, ghcr.io/ocicl/40ants-doc@sha256:ef1b48abde0808ff396379d0f9b08476bb6004dfac083344cec5dfed3ee38c19, doc-20250913-7fd42c2/40ants-doc-test.asd
acclimation, ghcr.io/ocicl/acclimation@sha256:f6f7b6782ea4fa53b86f23cf169f06f16a441000e5512955f0ef6ab065adbe4b, acclimation-20251218-9339b92/acclimation.asd
acclimation-temperature, ghcr.io/ocicl/acclimation@sha256:f6f7b6782ea4fa53b86f23cf169f06f16a441000e5512955f0ef6ab065adbe4b, acclimation-20251218-9339b92/Temperature/acclimation-temperature.asd
alexandria, ghcr.io/ocicl/alexandria@sha256:e433c2e076ed3bcf8641b97b00192680db2201d305efac9293539dee88c7fbf7, alexandria-20240503-8514d8e/alexandria.asd
archive, ghcr.io/ocicl/archive@sha256:05385cccdaaedddb9bfc2195c6aa81b7df6c36261c6d202bcc8d0094e6466ac1, archive-20240503-631271c/archive.asd
autoload, ghcr.io/ocicl/mgl-pax-bootstrap@sha256:2f4da326e75413741907b8818f67dd3a7f8b783e2a8983a6f52f1e3373306be8, mgl-pax-20260112-2c726a5/autoload/autoload.asd
babel, ghcr.io/ocicl/babel@sha256:9d9fcde71acc2b5c39572de4f11756a08c1d8801caa86c581b85dabaa35928b3, babel-20250905-4eaf3f2/babel.asd
babel-streams, ghcr.io/ocicl/babel@sha256:9d9fcde71acc2b5c39572de4f11756a08c1d8801caa86c581b85dabaa35928b3, babel-20250905-4eaf3f2/babel-streams.asd
babel-tests, ghcr.io/ocicl/babel@sha256:9d9fcde71acc2b5c39572de4f11756a08c1d8801caa86c581b85dabaa35928b3, babel-20250905-4eaf3f2/babel-tests.asd
bordeaux-threads, ghcr.io/ocicl/bordeaux-threads@sha256:bbb32afe3987e102149cc019f4f7366a05f7a37d1503f5f86a27745e671c320a, bordeaux-threads-0.9.4/bordeaux-threads.asd
cffi, ghcr.io/ocicl/cffi-grovel@sha256:0854274d437e36f8bd30549103de36d23ac22f481f2746e61785e883f52b25fa, cffi-20250822-dad3520/cffi.asd
cffi-examples, ghcr.io/ocicl/cffi-grovel@sha256:0854274d437e36f8bd30549103de36d23ac22f481f2746e61785e883f52b25fa, cffi-20250822-dad3520/cffi-examples.asd
cffi-grovel, ghcr.io/ocicl/cffi-grovel@sha256:0854274d437e36f8bd30549103de36d23ac22f481f2746e61785e883f52b25fa, cffi-20250822-dad3520/cffi-grovel.asd
cffi-libffi, ghcr.io/ocicl/cffi-grovel@sha256:0854274d437e36f8bd30549103de36d23ac22f481f2746e61785e883f52b25fa, cffi-20250822-dad3520/cffi-libffi.asd
cffi-tests, ghcr.io/ocicl/cffi-grovel@sha256:0854274d437e36f8bd30549103de36d23ac22f481f2746e61785e883f52b25fa, cffi-20250822-dad3520/cffi-tests.asd
cffi-toolchain, ghcr.io/ocicl/cffi-grovel@sha256:0854274d437e36f8bd30549103de36d23ac22f481f2746e61785e883f52b25fa, cffi-20250822-dad3520/cffi-toolchain.asd
cffi-uffi-compat, ghcr.io/ocicl/cffi-grovel@sha256:0854274d437e36f8bd30549103de36d23ac22f481f2746e61785e883f52b25fa, cffi-20250822-dad3520/cffi-uffi-compat.asd
chipz, ghcr.io/ocicl/chipz@sha256:fae0fae0c93199ba57c92d9102245a55c8a2c12af4442e0b141d5670bef4f2f0, chipz-20240503-6f80368/chipz.asd
chunga, ghcr.io/ocicl/chunga@sha256:a2558d54ac5d4ccdbf49d7b51fcb074762d77e263ec67245f6d2928477b6d19a, chunga-20250814-1310e96/chunga.asd
cl-base64, ghcr.io/ocicl/cl-base64@sha256:702412dbc1ed825e275fb23e22c29527eb786bf644e47c7621bf0dbb34e17c7e, cl-base64-20240503-80496b7/cl-base64.asd
cl-base64-tests, ghcr.io/ocicl/cl-base64@sha256:702412dbc1ed825e275fb23e22c29527eb786bf644e47c7621bf0dbb34e17c7e, cl-base64-20240503-80496b7/cl-base64-tests.asd
cl-fad, ghcr.io/ocicl/cl-fad@sha256:c0aaffc859e419e0a94cedb08f48c2484da404363fb0fe4ffd6e09a80aadafe1, cl-fad-0.7.6/cl-fad.asd
cl-interpol, ghcr.io/ocicl/cl-interpol@sha256:bf02bce744361792150a04310b24a623596b99190a9f85a1c2ebf35f12b2288c, cl-interpol-2.0.7/cl-interpol.asd
cl-json, ghcr.io/ocicl/cl-json@sha256:54c4d00901c2c5b0ea9da11eed8f0104fc5819e1ed9a29d1f3364503a720a868, cl-json-20240907-994dd38/cl-json.asd
cl-postgres_plus_local-time, ghcr.io/ocicl/local-time@sha256:15dc0e56d0ff55bd2a3c597e67be1c26bd0677c230a15ad5098c5207a9df5554, local-time-20250808-c28f38e/cl-postgres+local-time.asd
cl-ppcre, ghcr.io/ocicl/cl-ppcre@sha256:bf073924cf4fd5957a4fd961a95d446ed0e53fa32a5002cbd2d52182874f45e5, cl-ppcre-20250606-a2ea581/cl-ppcre.asd
cl-ppcre-unicode, ghcr.io/ocicl/cl-ppcre@sha256:bf073924cf4fd5957a4fd961a95d446ed0e53fa32a5002cbd2d52182874f45e5, cl-ppcre-20250606-a2ea581/cl-ppcre-unicode.asd
cl-selfupdate, ghcr.io/ocicl/cl-selfupdate@sha256:522a090962a7bc5a380dc5e4c5873da71f6e356155c05ee4088f202bfc6b004d, cl-selfupdate-20260114-55669ca/cl-selfupdate.asd
cl-semver, ghcr.io/ocicl/cl-semver@sha256:519cd56427e124fddf732c284f391dfd22da99e1b01d1f2512cbf2e3465bad1f, cl-semver-20240503-b125d2c/cl-semver.asd
cl-semver-test, ghcr.io/ocicl/cl-semver@sha256:519cd56427e124fddf732c284f391dfd22da99e1b01d1f2512cbf2e3465bad1f, cl-semver-20240503-b125d2c/cl-semver-test.asd
cl-template, ghcr.io/ocicl/cl-template@sha256:77fe11d9e0a68bbc8333b94825145c8313dbeba422a71588f6d8e00e1d3807a4, cl-template-20240503-46193a9/cl-template.asd
cl-unicode, ghcr.io/ocicl/cl-unicode@sha256:d98f12c1271fb3c1812a27d64dfbe95b0bc5bcfd545b71b8101874e61270b120, cl-unicode-20240503-07e7ff5/cl-unicode.asd
cl-utilities, ghcr.io/ocicl/cl-utilities@sha256:e5e0676a4e0627332a0fe64d56ed4f1890f0466d715a11e8d95561b4c2baa38f, cl-utilities-20240503-6b4de39/cl-utilities.asd
closer-mop, ghcr.io/ocicl/closer-mop@sha256:0e7b398e671d48a0a1cfb5c1a017d0c2b009311c943ee3330d74fa0561c88fb2, closer-mop-20251228-4809f69/closer-mop.asd
copy-directory, ghcr.io/ocicl/copy-directory@sha256:a8fa40cd0d17c4652545361ca4adb2ba08ea1aa6a844f8adcfbdfb9bde591b42, copy-directory-20250106-6926cbb/copy-directory.asd
copy-directory-test, ghcr.io/ocicl/copy-directory@sha256:a8fa40cd0d17c4652545361ca4adb2ba08ea1aa6a844f8adcfbdfb9bde591b42, copy-directory-20250106-6926cbb/copy-directory-test.asd
diff, ghcr.io/ocicl/diff@sha256:6401bc1fbfa25888448d0eeeb71002c4c752bd8f30f9714bc6b2a0162a935d87, diff-20240503-9c84bef/diff.asd
drakma, ghcr.io/ocicl/drakma@sha256:fdfae1db35254b40a3796188f065646abe6abc55a58921438ecba47e63164bfd, drakma-2.0.10/drakma.asd
drakma-test, ghcr.io/ocicl/drakma@sha256:fdfae1db35254b40a3796188f065646abe6abc55a58921438ecba47e63164bfd, drakma-2.0.10/drakma-test.asd
dref, ghcr.io/ocicl/mgl-pax-bootstrap@sha256:2f4da326e75413741907b8818f67dd3a7f8b783e2a8983a6f52f1e3373306be8, mgl-pax-20260112-2c726a5/dref/dref.asd
dref-test, ghcr.io/ocicl/mgl-pax-bootstrap@sha256:2f4da326e75413741907b8818f67dd3a7f8b783e2a8983a6f52f1e3373306be8, mgl-pax-20260112-2c726a5/dref/dref-test.asd
dref-test-package-inferred, ghcr.io/ocicl/mgl-pax-bootstrap@sha256:2f4da326e75413741907b8818f67dd3a7f8b783e2a8983a6f52f1e3373306be8, mgl-pax-20260112-2c726a5/dref/test/data/dref-test-package-inferred.asd
ecclesia, ghcr.io/ocicl/ecclesia@sha256:cdc6d9a59e1960a6a4969d29920581524b5344e0e015e2240ea574524be9e8ca, Ecclesia-20250620-c66d4d5/ecclesia.asd
esrap, ghcr.io/ocicl/esrap@sha256:d1748dc272d987937d759d2376dc18027efb1ed84c4b3561a367be3b4233183a, esrap-20251010-54debc5/esrap.asd
flexi-streams, ghcr.io/ocicl/flexi-streams@sha256:95005b06a8a95c82780c75ead53810bcb273d07fcf5fe76b527f1856df9923f2, flexi-streams-20240503-4951d57/flexi-streams.asd
flexi-streams-test, ghcr.io/ocicl/flexi-streams@sha256:95005b06a8a95c82780c75ead53810bcb273d07fcf5fe76b527f1856df9923f2, flexi-streams-20240503-4951d57/flexi-streams-test.asd
global-vars, ghcr.io/ocicl/global-vars@sha256:d197e871c9c9abc4bf31b1186f5fd28f0ca848ebe2e9dddf2d82ecee01dbdc65, global-vars-20240503-c749f32/global-vars.asd
global-vars-test, ghcr.io/ocicl/global-vars@sha256:d197e871c9c9abc4bf31b1186f5fd28f0ca848ebe2e9dddf2d82ecee01dbdc65, global-vars-20240503-c749f32/global-vars-test.asd
idna, ghcr.io/ocicl/idna@sha256:b1737dbce42904f75c724350c3e057770c7777f1f5596c6358875dfb2e542eac, idna-20240503-bf789e6/idna.asd
introspect-environment, ghcr.io/ocicl/introspect-environment@sha256:4fa482690dee130996f1d0f89b470e0e84c92f22caea7649d3b83ce3e49c78ba, introspect-environment-20240503-69a50ac/introspect-environment.asd
introspect-environment-test, ghcr.io/ocicl/introspect-environment@sha256:4fa482690dee130996f1d0f89b470e0e84c92f22caea7649d3b83ce3e49c78ba, introspect-environment-20240503-69a50ac/introspect-environment-test.asd
iolib, ghcr.io/ocicl/iolib@sha256:953f1cb142e647da50562d51eca562afc2c5b941b89ae622332b53c7dbed7e1b, iolib-20240503-396cc43/iolib.asd
iolib.asdf, ghcr.io/ocicl/iolib@sha256:953f1cb142e647da50562d51eca562afc2c5b941b89ae622332b53c7dbed7e1b, iolib-20240503-396cc43/iolib.asdf.asd
iolib.base, ghcr.io/ocicl/iolib@sha256:953f1cb142e647da50562d51eca562afc2c5b941b89ae622332b53c7dbed7e1b, iolib-20240503-396cc43/iolib.base.asd
iolib.common-lisp, ghcr.io/ocicl/iolib@sha256:953f1cb142e647da50562d51eca562afc2c5b941b89ae622332b53c7dbed7e1b, iolib-20240503-396cc43/iolib.common-lisp.asd
iolib.conf, ghcr.io/ocicl/iolib@sha256:953f1cb142e647da50562d51eca562afc2c5b941b89ae622332b53c7dbed7e1b, iolib-20240503-396cc43/iolib.conf.asd
iolib.examples, ghcr.io/ocicl/iolib@sha256:953f1cb142e647da50562d51eca562afc2c5b941b89ae622332b53c7dbed7e1b, iolib-20240503-396cc43/iolib.examples.asd
ironclad, ghcr.io/ocicl/ironclad@sha256:3117e5a26a3e94924074c3548c235a2b733609ed61a2731880ac9e31df55428b, ironclad-20240503-6da010f/ironclad.asd
ironclad-text, ghcr.io/ocicl/ironclad@sha256:3117e5a26a3e94924074c3548c235a2b733609ed61a2731880ac9e31df55428b, ironclad-20240503-6da010f/ironclad-text.asd
iterate, ghcr.io/ocicl/iterate@sha256:6950c55e3782d58cabbbb5753111a70d8cafab8348b7fd6f2143d9abeaab46fb, iterate-20250703-d27d7ff/iterate.asd
jsown, ghcr.io/ocicl/jsown@sha256:36a2ec6668cd9d7fb8ccafe01547459f4e51f5a3d8d2d71df0ce342dcf286539, jsown-20240503-744c440/jsown.asd
jsown-tests, ghcr.io/ocicl/jsown@sha256:36a2ec6668cd9d7fb8ccafe01547459f4e51f5a3d8d2d71df0ce342dcf286539, jsown-20240503-744c440/tests/jsown-tests.asd
lisp-namespace, ghcr.io/ocicl/lisp-namespace@sha256:ae08006e0b267958c50160658c729c799c6e1c18d94eef83f2ce5cf6ab8bbd20, lisp-namespace-20240503-699fccb/lisp-namespace.asd
lisp-namespace.test, ghcr.io/ocicl/lisp-namespace@sha256:ae08006e0b267958c50160658c729c799c6e1c18d94eef83f2ce5cf6ab8bbd20, lisp-namespace-20240503-699fccb/lisp-namespace.test.asd
local-time, ghcr.io/ocicl/local-time@sha256:15dc0e56d0ff55bd2a3c597e67be1c26bd0677c230a15ad5098c5207a9df5554, local-time-20250808-c28f38e/local-time.asd
mgl-pax, ghcr.io/ocicl/mgl-pax-bootstrap@sha256:2f4da326e75413741907b8818f67dd3a7f8b783e2a8983a6f52f1e3373306be8, mgl-pax-20260112-2c726a5/mgl-pax.asd
mgl-pax-bootstrap, ghcr.io/ocicl/mgl-pax-bootstrap@sha256:2f4da326e75413741907b8818f67dd3a7f8b783e2a8983a6f52f1e3373306be8, mgl-pax-20260112-2c726a5/mgl-pax-bootstrap.asd
mgl-pax-test, ghcr.io/ocicl/mgl-pax-bootstrap@sha256:2f4da326e75413741907b8818f67dd3a7f8b783e2a8983a6f52f1e3373306be8, mgl-pax-20260112-2c726a5/mgl-pax-test.asd
mgl-pax.asdf, ghcr.io/ocicl/mgl-pax-bootstrap@sha256:2f4da326e75413741907b8818f67dd3a7f8b783e2a8983a6f52f1e3373306be8, mgl-pax-20260112-2c726a5/mgl-pax.asdf.asd
named-readtables, ghcr.io/ocicl/named-readtables@sha256:cdfd96fd6f3c20f796f511fd2a92d3006261fe32daf6d7d1af868be9c72f273c, named-readtables-20260112-aa6dab5/named-readtables.asd
named-readtables-test, ghcr.io/ocicl/named-readtables@sha256:cdfd96fd6f3c20f796f511fd2a92d3006261fe32daf6d7d1af868be9c72f273c, named-readtables-20260112-aa6dab5/named-readtables-test.asd
parse-declarations-1.0, ghcr.io/ocicl/parse-declarations-1.0@sha256:9305fa9624205b16fd1fc51cb1cc4282a18e50eee9ac75b66a14f6f2c5df9518, parse-declarations-20240503-549aebb/parse-declarations-1.0.asd
parse-number, ghcr.io/ocicl/parse-number@sha256:11f3f9f512871e1f96cea6b8260aa3610e34e8fd7272bbcdb210fd3c5dd8025c, parse-number-20240503-cb9e487/parse-number.asd
path-parse, ghcr.io/ocicl/path-parse@sha256:169e04ad862c3044848a73461b18920c3c31000c92e41b8b67015ad4f43581e0, path-parse-20240503-86183f3/path-parse.asd
path-parse-test, ghcr.io/ocicl/path-parse@sha256:169e04ad862c3044848a73461b18920c3c31000c92e41b8b67015ad4f43581e0, path-parse-20240503-86183f3/path-parse-test.asd
pure-tls, ghcr.io/ocicl/pure-tls@sha256:b143270482d7d64b1fa42976e0610e7aa924d7a555449958d9c2fc08c9f7f3bb, pure-tls-20260112-3b35adb/pure-tls.asd
puri, ghcr.io/ocicl/puri@sha256:f6aa091a4d8eb5bdc91466daddc90dadd5b0fcf247370df237a223dc0588f29d, puri-4bbab9/puri.asd
pythonic-string-reader, ghcr.io/ocicl/pythonic-string-reader@sha256:6f0c22694e7d6b2143d116eec0f568e775343167d35c1ed36d624e485f54b3e3, pythonic-string-reader-20240503-47a70ba/pythonic-string-reader.asd
quri, ghcr.io/ocicl/quri@sha256:e2559f91600e4895e115b42dde88fcaac3677f051335d73431888dcf7af99f95, quri-0.7.0/quri.asd
quri-test, ghcr.io/ocicl/quri@sha256:e2559f91600e4895e115b42dde88fcaac3677f051335d73431888dcf7af99f95, quri-0.7.0/quri-test.asd
rewrite-cl, ghcr.io/ocicl/rewrite-cl@sha256:ca7e1aecbc5f0d9f5ce75350765033a07b2e8fe6032022bdf30a93d0de375228, rewrite-cl-20251231-5832ac0/rewrite-cl.asd
salza2, ghcr.io/ocicl/salza2@sha256:0f9d930524b469e1442372a6e12b26742d9e6a1144e6a455006943190d1ea71e, salza2-2.1/salza2.asd
serapeum, ghcr.io/ocicl/serapeum@sha256:b0d8c3875e11c24c1184a5d4b1654a5b44f27e3e7dc24e71852f536adcc4a121, serapeum-20260109-5e3c566/serapeum.asd
split-sequence, ghcr.io/ocicl/split-sequence@sha256:3a37662eedd99c42995587b9d443c4631f25c4c523091bcca31a27b880585b8e, split-sequence-2.0.1/split-sequence.asd
string-case, ghcr.io/ocicl/string-case@sha256:9db2d4160b76ce1ed9f754d12f679c665593a9a436177d36380a1a8a176ec16a, string-case-20240503-718c761/string-case.asd
swap-bytes, ghcr.io/ocicl/swap-bytes@sha256:06edc17deb0f27cdf6290689711ece670a8282dfd07b732a9adc541af1ce7ed6, swap-bytes-20240503-43ab141/swap-bytes.asd
tar, ghcr.io/ocicl/tar@sha256:66dfa78c17d2cc74973e6232f2687e9c9e5d16a479e5278257ad58f0ac6f8955, cl-tar-20240503-7c6e07a/tar.asd
tar-cli, ghcr.io/ocicl/tar@sha256:66dfa78c17d2cc74973e6232f2687e9c9e5d16a479e5278257ad58f0ac6f8955, cl-tar-20240503-7c6e07a/tar-cli.asd
tar-cli-asdf, ghcr.io/ocicl/tar@sha256:66dfa78c17d2cc74973e6232f2687e9c9e5d16a479e5278257ad58f0ac6f8955, cl-tar-20240503-7c6e07a/tar-cli-asdf.asd
tar-file, ghcr.io/ocicl/tar-file@sha256:5f8c99e73924abdc4a59de9d38c73f5e574aebebc8cbc25df73e8b3fa4dde131, cl-tar-file-20240503-0c10bc8/tar-file.asd
trivia, ghcr.io/ocicl/trivia@sha256:51db74757bc31ceaf3a643914a8ffa87825799097dea4912650e6ac62bed5209, trivia-20240904-4383dd8/trivia.asd
trivia.balland2006, ghcr.io/ocicl/trivia@sha256:51db74757bc31ceaf3a643914a8ffa87825799097dea4912650e6ac62bed5209, trivia-20240904-4383dd8/trivia.balland2006.asd
trivia.benchmark, ghcr.io/ocicl/trivia@sha256:51db74757bc31ceaf3a643914a8ffa87825799097dea4912650e6ac62bed5209, trivia-20240904-4383dd8/trivia.benchmark.asd
trivia.cffi, ghcr.io/ocicl/trivia@sha256:51db74757bc31ceaf3a643914a8ffa87825799097dea4912650e6ac62bed5209, trivia-20240904-4383dd8/trivia.cffi.asd
trivia.fset, ghcr.io/ocicl/trivia@sha256:51db74757bc31ceaf3a643914a8ffa87825799097dea4912650e6ac62bed5209, trivia-20240904-4383dd8/trivia.fset.asd
trivia.level0, ghcr.io/ocicl/trivia@sha256:51db74757bc31ceaf3a643914a8ffa87825799097dea4912650e6ac62bed5209, trivia-20240904-4383dd8/trivia.level0.asd
trivia.level1, ghcr.io/ocicl/trivia@sha256:51db74757bc31ceaf3a643914a8ffa87825799097dea4912650e6ac62bed5209, trivia-20240904-4383dd8/trivia.level1.asd
trivia.level2, ghcr.io/ocicl/trivia@sha256:51db74757bc31ceaf3a643914a8ffa87825799097dea4912650e6ac62bed5209, trivia-20240904-4383dd8/trivia.level2.asd
trivia.ppcre, ghcr.io/ocicl/trivia@sha256:51db74757bc31ceaf3a643914a8ffa87825799097dea4912650e6ac62bed5209, trivia-20240904-4383dd8/trivia.ppcre.asd
trivia.quasiquote, ghcr.io/ocicl/trivia@sha256:51db74757bc31ceaf3a643914a8ffa87825799097dea4912650e6ac62bed5209, trivia-20240904-4383dd8/trivia.quasiquote.asd
trivia.test, ghcr.io/ocicl/trivia@sha256:51db74757bc31ceaf3a643914a8ffa87825799097dea4912650e6ac62bed5209, trivia-20240904-4383dd8/trivia.test.asd
trivia.trivial, ghcr.io/ocicl/trivia@sha256:51db74757bc31ceaf3a643914a8ffa87825799097dea4912650e6ac62bed5209, trivia-20240904-4383dd8/trivia.trivial.asd
trivial-cltl2, ghcr.io/ocicl/trivial-cltl2@sha256:69470b4f6469314799074b9d944050dc4bcb67d5cbb2ba32c7a8899bb492f04e, trivial-cltl2-20230809-2ada872/trivial-cltl2.asd
trivial-features, ghcr.io/ocicl/trivial-features@sha256:e278e24d39060fc7d3715531b16ddd9ab7f93f22ade53e436c0b86dbae3aa065, trivial-features-1.0/trivial-features.asd
trivial-features-tests, ghcr.io/ocicl/trivial-features@sha256:e278e24d39060fc7d3715531b16ddd9ab7f93f22ade53e436c0b86dbae3aa065, trivial-features-1.0/trivial-features-tests.asd
trivial-file-size, ghcr.io/ocicl/trivial-file-size@sha256:dfe138877e024d36e51fa14b1bcabf11e99e5745baa42ef4f627438485030f5c, trivial-file-size-20250427-60fd1bf/trivial-file-size.asd
trivial-garbage, ghcr.io/ocicl/trivial-garbage@sha256:a85dcf4110ad60ae9f6c70970acceb2bf12402ce5326891643d35506059afb1d, trivial-garbage-20240503-3474f64/trivial-garbage.asd
trivial-gray-streams, ghcr.io/ocicl/trivial-gray-streams@sha256:d0cc9fb73876100ee60647524f98b5b22566fa1c3a985d79548b0d2b228f8b51, trivial-gray-streams-20240503-a7ead68/trivial-gray-streams.asd
trivial-gray-streams-test, ghcr.io/ocicl/trivial-gray-streams@sha256:d0cc9fb73876100ee60647524f98b5b22566fa1c3a985d79548b0d2b228f8b51, trivial-gray-streams-20240503-a7ead68/trivial-gray-streams-test.asd
trivial-macroexpand-all, ghcr.io/ocicl/trivial-macroexpand-all@sha256:b23da4c2e508efe2396ec8f721cb22b8a4c076b2f0aea014a09f69dfd716d7f8, trivial-macroexpand-all-20250518-b6e4efa/trivial-macroexpand-all.asd
trivial-with-current-source-form, ghcr.io/ocicl/trivial-with-current-source-form@sha256:955baad39fb52d9d02af21ea36442c9675419c2486392279f669ada9788f3e3b, trivial-with-current-source-form-20240503-dc3fff9/trivial-with-current-source-form.asd
type-i, ghcr.io/ocicl/type-i@sha256:de5c3e7f7b72409c5ec49885eea8c6fe2e02def2846cf97f70c1c21f21a1567c, type-i-20240503-4407a68/type-i.asd
type-i.test, ghcr.io/ocicl/type-i@sha256:de5c3e7f7b72409c5ec49885eea8c6fe2e02def2846cf97f70c1c21f21a1567c, type-i-20240503-4407a68/type-i.test.asd
uffi, ghcr.io/ocicl/cffi-grovel@sha256:0854274d437e36f8bd30549103de36d23ac22f481f2746e61785e883f52b25fa, cffi-20250822-dad3520/uffi-compat/uffi.asd
unix-opts, ghcr.io/ocicl/unix-opts@sha256:af3d240e3ee9cd6f63c2d3187307159ab980a90e05f9e6e745e8aab049daba84, unix-opts-20250319-0e61f34/unix-opts.asd
usocket, ghcr.io/ocicl/usocket@sha256:282856b819b22a4319ba30a15605ee934aa23292a471fd29ea4d3f2074b3f16d, usocket-0.8.8/usocket.asd
usocket-server, ghcr.io/ocicl/usocket@sha256:282856b819b22a4319ba30a15605ee934aa23292a471fd29ea4d3f2074b3f16d, usocket-0.8.8/usocket-server.asd
usocket-test, ghcr.io/ocicl/usocket@sha256:282856b819b22a4319ba30a15605ee934aa23292a471fd29ea4d3f2074b3f16d, usocket-0.8.8/usocket-test.asd
version-string, ghcr.io/ocicl/version-string@sha256:eb8f45786af7fd6f792aecada1f905870f1d79abfaee0ceb774a94824ad9b14f, cl-version-string-20251228-668f2fa/version-string.asd
which, ghcr.io/ocicl/which@sha256:9379b03483ad339c81a3a897b87e13d763bd612c79ee39566e26935d6516cf24, which-20240503-b2333e4/which.asd
which-test, ghcr.io/ocicl/which@sha256:9379b03483ad339c81a3a897b87e13d763bd612c79ee39566e26935d6516cf24, which-20240503-b2333e4/which-test.asd
with-user-abort, ghcr.io/ocicl/with-user-abort@sha256:c19560034f9909a7afb4110b5efd939a9f1e829d9ef9887797b98679f290c480, with-user-abort-20240503-a3db02e/with-user-abort.asd
zip, ghcr.io/ocicl/zip@sha256:d58caf65f9942491bb1944240479d373d9cad9c7fb94133f7f165883acfb50bc, zip-20240503-688b154/zip.asd
